志愿序号,院校名称,院校代码,专业组代码,专业代码,专业名称,招生口径,2025招生人数,2024招生人数,2024最低分/位次,2023招生人数,2023最低分/位次,2022招生人数,2022最低分/位次,选科要求,学制,学费,校区,来源,备注
C001,江西师范大学,3601,501,01,汉语言文学(师范),普通类（师范/文史）,12,12,568/6126,12,563/6074,14,553/6250,不限,4年,4800,瑶湖校区,模拟测试数据-基于7521位次与6500—9500候选范围生成-非真实招生计划/录取结果,今年招生人数已填；模拟测试数据
C002,江西师范大学,3601,501,02,新闻传播学类,普通类（师范/文史）,3,1,568/6206,6,563/6068,1,552/6453,不限,4年,4800,瑶湖校区,模拟测试数据-基于7521位次与6500—9500候选范围生成-非真实招生计划/录取结果,今年招生人数已填；模拟测试数据；大类招生，分流方向需核查
C003,江西师范大学,3601,501,03,教育学类,普通类（师范/文史）,6,,567/6371,,561/6624,9,554/6137,不限,4年,5000,瑶湖校区,模拟测试数据-基于7521位次与6500—9500候选范围生成-非真实招生计划/录取结果,今年招生人数已填；模拟测试数据；大类招生，分流方向需核查；2024招生人数缺失；2023招生人数缺失
C004,江西师范大学,3601,501,04,小学教育(师范),普通类（师范/文史）,6,,566/6593,9,561/6494,,553/6211,不限,4年,4000,瑶湖校区,模拟测试数据-基于7521位次与6500—9500候选范围生成-非真实招生计划/录取结果,今年招生人数已填；模拟测试数据；2024招生人数缺失；2022招生人数缺失
C005,江西师范大学,3601,501,05,历史学(师范),普通类（师范/文史）,2,2,565/6745,1,562/6457,,552/6543,不限,4年,4600,瑶湖校区,模拟测试数据-基于7521位次与6500—9500候选范围生成-非真实招生计划/录取结果,今年招生人数已填；模拟测试数据；2022招生人数缺失
C006,江西师范大学,3601,501,06,文化产业管理,普通类（师范/文史）,5,6,565/6735,3,561/6492,,551/6748,不限,4年,6000,瑶湖校区,模拟测试数据-基于7521位次与6500—9500候选范围生成-非真实招生计划/录取结果,今年招生人数已填；模拟测试数据；2022招生人数缺失
C007,江西师范大学,3601,502,01,思想政治教育(师范),普通类（限思想政治）,3,6,565/6800,1,561/6579,1,550/7113,思想政治,4年,6000,瑶湖校区,模拟测试数据-基于7521位次与6500—9500候选范围生成-非真实招生计划/录取结果,今年招生人数已填；模拟测试数据；再选科目要求思想政治，需确认考生选科
C008,江西师范大学,3601,502,02,马克思主义理论,普通类（限思想政治）,6,8,564/6864,8,560/6857,3,552/6627,思想政治,4年,4200,瑶湖校区,模拟测试数据-基于7521位次与6500—9500候选范围生成-非真实招生计划/录取结果,今年招生人数已填；模拟测试数据；再选科目要求思想政治，需确认考生选科
C009,江西师范大学,3601,502,03,法学,普通类（限思想政治）,10,9,565/6797,8,559/6896,10,549/7205,不限,4年,5000,瑶湖校区,模拟测试数据-基于7521位次与6500—9500候选范围生成-非真实招生计划/录取结果,今年招生人数已填；模拟测试数据
C010,江西师范大学,3601,502,04,社会工作,普通类（限思想政治）,4,7,564/7043,2,558/7256,4,551/6827,不限,4年,4380,瑶湖校区,模拟测试数据-基于7521位次与6500—9500候选范围生成-非真实招生计划/录取结果,今年招生人数已填；模拟测试数据
C011,江西师范大学,3601,502,05,行政管理,普通类（限思想政治）,1,1,563/7287,2,558/7125,4,547/7783,不限,4年,5000,瑶湖校区,模拟测试数据-基于7521位次与6500—9500候选范围生成-非真实招生计划/录取结果,今年招生人数已填；模拟测试数据
C012,江西师范大学,3601,502,06,公共事业管理,普通类（限思想政治）,10,8,562/7479,,556/7614,8,,不限,4年,5200,瑶湖校区,模拟测试数据-基于7521位次与6500—9500候选范围生成-非真实招生计划/录取结果,今年招生人数已填；模拟测试数据；2023招生人数缺失；2022最低分/位次缺失
C013,江西财经大学,3602,501,01,法学,普通类（财经管理）,15,18,569/5918,,563/6184,15,554/6038,不限,4年,5200,蛟桥园校区,模拟测试数据-基于7521位次与6500—9500候选范围生成-非真实招生计划/录取结果,今年招生人数已填；模拟测试数据；2023招生人数缺失
C014,江西财经大学,3602,501,02,会计学,普通类（财经管理）,5,4,568/6205,3,561/6474,7,552/6441,不限,4年,5200,蛟桥园校区,模拟测试数据-基于7521位次与6500—9500候选范围生成-非真实招生计划/录取结果,今年招生人数已填；模拟测试数据
C015,江西财经大学,3602,501,03,财务管理,普通类（财经管理）,15,15,567/6317,13,561/6583,13,555/5902,不限,4年,4200,蛟桥园校区,模拟测试数据-基于7521位次与6500—9500候选范围生成-非真实招生计划/录取结果,今年招生人数已填；模拟测试数据
C016,江西财经大学,3602,501,04,工商管理,普通类（财经管理）,28,29,567/6407,27,563/6172,,551/6881,不限,4年,4000,蛟桥园校区,模拟测试数据-基于7521位次与6500—9500候选范围生成-非真实招生计划/录取结果,今年招生人数已填；模拟测试数据；2022招生人数缺失
C017,江西财经大学,3602,501,05,经济学,普通类（财经管理）,4,3,566/6443,4,560/6835,2,551/6837,不限,4年,5000,蛟桥园校区,模拟测试数据-基于7521位次与6500—9500候选范围生成-非真实招生计划/录取结果,今年招生人数已填；模拟测试数据
C018,江西财经大学,3602,501,06,税收学,普通类（财经管理）,4,,565/6634,4,559/7036,,551/6873,不限,4年,5000,蛟桥园校区,模拟测试数据-基于7521位次与6500—9500候选范围生成-非真实招生计划/录取结果,今年招生人数已填；模拟测试数据；2024招生人数缺失；2022招生人数缺失
C019,江西财经大学,3602,502,01,新闻学,普通类（文管外语）,4,4,564/7047,2,557/7435,,550/7126,不限,4年,4000,麦庐园校区,模拟测试数据-基于7521位次与6500—9500候选范围生成-非真实招生计划/录取结果,今年招生人数已填；模拟测试数据；2022招生人数缺失
C020,江西财经大学,3602,502,02,商务英语,普通类（文管外语）,5,6,563/7287,2,559/7075,4,551/6878,不限,4年,5200,麦庐园校区,模拟测试数据-基于7521位次与6500—9500候选范围生成-非真实招生计划/录取结果,今年招生人数已填；模拟测试数据
C021,江西财经大学,3602,502,03,人力资源管理,普通类（文管外语）,4,,,6,559/6920,2,548/7671,不限,4年,5000,麦庐园校区,模拟测试数据-基于7521位次与6500—9500候选范围生成-非真实招生计划/录取结果,今年招生人数已填；模拟测试数据；2024最低分/位次缺失；2024招生人数缺失
C022,江西财经大学,3602,502,04,市场营销,普通类（文管外语）,12,12,561/7643,9,555/7941,,549/7475,不限,4年,4600,麦庐园校区,模拟测试数据-基于7521位次与6500—9500候选范围生成-非真实招生计划/录取结果,今年招生人数已填；模拟测试数据；2022招生人数缺失
C023,江西财经大学,3602,502,05,国际经济与贸易,普通类（文管外语）,4,4,561/7534,4,555/7927,4,549/7299,不限,4年,5520,麦庐园校区,模拟测试数据-基于7521位次与6500—9500候选范围生成-非真实招生计划/录取结果,今年招生人数已填；模拟测试数据
C024,江西财经大学,3602,502,06,电子商务,普通类（文管外语）,5,8,560/7795,6,556/7725,7,548/7545,不限,4年,4800,麦庐园校区,模拟测试数据-基于7521位次与6500—9500候选范围生成-非真实招生计划/录取结果,今年招生人数已填；模拟测试数据
C025,南昌大学,3603,501,01,汉语言文学,普通类（综合文史）,2,4,569/5800,3,564/6038,1,554/5945,不限,4年,4600,前湖校区,模拟测试数据-基于7521位次与6500—9500候选范围生成-非真实招生计划/录取结果,今年招生人数已填；模拟测试数据
C026,南昌大学,3603,501,02,新闻传播学类,普通类（综合文史）,4,4,569/5800,7,564/6011,4,555/5900,不限,4年,5500,前湖校区,模拟测试数据-基于7521位次与6500—9500候选范围生成-非真实招生计划/录取结果,今年招生人数已填；模拟测试数据；大类招生，分流方向需核查
C027,南昌大学,3603,501,03,哲学,普通类（综合文史）,6,7,569/5854,6,564/5976,8,554/6163,不限,4年,6000,前湖校区,模拟测试数据-基于7521位次与6500—9500候选范围生成-非真实招生计划/录取结果,今年招生人数已填；模拟测试数据
C028,南昌大学,3603,501,04,历史学,普通类（综合文史）,5,5,569/5968,8,563/6193,,553/6233,不限,4年,4600,前湖校区,模拟测试数据-基于7521位次与6500—9500候选范围生成-非真实招生计划/录取结果,今年招生人数已填；模拟测试数据；2022招生人数缺失
C029,南昌大学,3603,501,05,公共管理类,普通类（综合文史）,2,2,568/6151,2,563/6171,4,552/6467,不限,4年,4200,前湖校区,模拟测试数据-基于7521位次与6500—9500候选范围生成-非真实招生计划/录取结果,今年招生人数已填；模拟测试数据；大类招生，分流方向需核查
C030,南昌大学,3603,501,06,旅游管理,普通类（综合文史）,5,5,566/6551,8,561/6480,7,,不限,4年,5200,前湖校区,模拟测试数据-基于7521位次与6500—9500候选范围生成-非真实招生计划/录取结果,今年招生人数已填；模拟测试数据；2022最低分/位次缺失
C031,南昌大学,3603,502,01,法学,普通类（法学外语管理）,18,16,567/6364,18,562/6317,16,553/6376,不限,4年,5000,前湖校区,模拟测试数据-基于7521位次与6500—9500候选范围生成-非真实招生计划/录取结果,今年招生人数已填；模拟测试数据
C032,南昌大学,3603,502,02,英语,普通类（法学外语管理）,5,7,565/6711,8,560/6846,8,550/7057,不限,4年,6000,前湖校区,模拟测试数据-基于7521位次与6500—9500候选范围生成-非真实招生计划/录取结果,今年招生人数已填；模拟测试数据
C033,南昌大学,3603,502,03,日语,普通类（法学外语管理）,10,13,565/6722,,558/7113,,551/6838,不限,4年,5000,前湖校区,模拟测试数据-基于7521位次与6500—9500候选范围生成-非真实招生计划/录取结果,今年招生人数已填；模拟测试数据；2023招生人数缺失；2022招生人数缺失
C034,南昌大学,3603,502,04,工商管理,普通类（法学外语管理）,2,2,564/6897,1,560/6844,,,不限,4年,6000,前湖校区,模拟测试数据-基于7521位次与6500—9500候选范围生成-非真实招生计划/录取结果,今年招生人数已填；模拟测试数据；2022最低分/位次缺失；2022招生人数缺失
C035,南昌大学,3603,502,05,行政管理,普通类（法学外语管理）,3,,564/6992,,558/7282,1,551/6816,不限,4年,4000,前湖校区,模拟测试数据-基于7521位次与6500—9500候选范围生成-非真实招生计划/录取结果,今年招生人数已填；模拟测试数据；2024招生人数缺失；2023招生人数缺失
C036,南昌大学,3603,502,06,档案学,普通类（法学外语管理）,3,3,564/7032,3,560/6822,,551/6650,不限,4年,6000,前湖校区,模拟测试数据-基于7521位次与6500—9500候选范围生成-非真实招生计划/录取结果,今年招生人数已填；模拟测试数据；2022招生人数缺失
C037,安徽师范大学,3401,501,01,汉语言文学(师范),普通类（师范文史）,15,12,565/6662,15,559/7066,13,551/6709,不限,4年,4200,花津校区,模拟测试数据-基于7521位次与6500—9500候选范围生成-非真实招生计划/录取结果,今年招生人数已填；模拟测试数据
C038,安徽师范大学,3401,501,02,新闻传播学类,普通类（师范文史）,20,,565/6736,20,562/6454,,552/6596,不限,4年,5200,花津校区,模拟测试数据-基于7521位次与6500—9500候选范围生成-非真实招生计划/录取结果,今年招生人数已填；模拟测试数据；大类招生，分流方向需核查；2024招生人数缺失；2022招生人数缺失
C039,安徽师范大学,3401,501,03,历史学(师范),普通类（师范文史）,8,7,,6,558/7251,6,551/6773,不限,4年,4600,花津校区,模拟测试数据-基于7521位次与6500—9500候选范围生成-非真实招生计划/录取结果,今年招生人数已填；模拟测试数据；2024最低分/位次缺失
C040,安徽师范大学,3401,501,04,教育学(师范),普通类（师范文史）,8,8,563/7103,11,559/7014,9,,不限,4年,4380,花津校区,模拟测试数据-基于7521位次与6500—9500候选范围生成-非真实招生计划/录取结果,今年招生人数已填；模拟测试数据；2022最低分/位次缺失
C041,安徽师范大学,3401,501,05,学前教育(师范),普通类（师范文史）,6,9,562/7321,7,556/7678,6,547/7776,不限,4年,6000,花津校区,模拟测试数据-基于7521位次与6500—9500候选范围生成-非真实招生计划/录取结果,今年招生人数已填；模拟测试数据
C042,安徽师范大学,3401,501,06,社会学,普通类（师范文史）,2,3,563/7277,5,557/7334,1,551/6872,不限,4年,4000,花津校区,模拟测试数据-基于7521位次与6500—9500候选范围生成-非真实招生计划/录取结果,今年招生人数已填；模拟测试数据
C043,安徽师范大学,3401,502,01,思想政治教育(师范),普通类（限思想政治）,2,2,562/7345,,556/7682,1,549/7318,思想政治,4年,6000,花津校区,模拟测试数据-基于7521位次与6500—9500候选范围生成-非真实招生计划/录取结果,今年招生人数已填；模拟测试数据；再选科目要求思想政治，需确认考生选科；2023招生人数缺失
C044,安徽师范大学,3401,502,02,法学,普通类（限思想政治）,6,3,563/7284,,556/7658,5,,不限,4年,4000,花津校区,模拟测试数据-基于7521位次与6500—9500候选范围生成-非真实招生计划/录取结果,今年招生人数已填；模拟测试数据；2023招生人数缺失；2022最低分/位次缺失
C045,安徽师范大学,3401,502,03,社会工作,普通类（限思想政治）,4,7,562/7471,6,558/7160,,550/7095,不限,4年,4800,花津校区,模拟测试数据-基于7521位次与6500—9500候选范围生成-非真实招生计划/录取结果,今年招生人数已填；模拟测试数据；2022招生人数缺失
C046,安徽师范大学,3401,502,04,行政管理,普通类（限思想政治）,1,1,560/7870,1,556/7751,1,547/7848,不限,4年,5500,花津校区,模拟测试数据-基于7521位次与6500—9500候选范围生成-非真实招生计划/录取结果,今年招生人数已填；模拟测试数据
C047,安徽师范大学,3401,502,05,公共事业管理,普通类（限思想政治）,12,13,560/7824,10,557/7525,,546/8068,不限,4年,5500,花津校区,模拟测试数据-基于7521位次与6500—9500候选范围生成-非真实招生计划/录取结果,今年招生人数已填；模拟测试数据；2022招生人数缺失
C048,安徽师范大学,3401,502,06,土地资源管理,普通类（限思想政治）,4,2,558/8262,4,553/8573,6,544/8704,不限,4年,4800,花津校区,模拟测试数据-基于7521位次与6500—9500候选范围生成-非真实招生计划/录取结果,今年招生人数已填；模拟测试数据
C049,安徽财经大学,3402,501,01,会计学,普通类（财经管理）,10,9,564/6961,11,558/7207,7,552/6640,不限,4年,4380,龙湖东校区,模拟测试数据-基于7521位次与6500—9500候选范围生成-非真实招生计划/录取结果,今年招生人数已填；模拟测试数据
C050,安徽财经大学,3402,501,02,财务管理,普通类（财经管理）,8,11,563/7132,,558/7116,,549/7232,不限,4年,6000,龙湖东校区,模拟测试数据-基于7521位次与6500—9500候选范围生成-非真实招生计划/录取结果,今年招生人数已填；模拟测试数据；2023招生人数缺失；2022招生人数缺失
C051,安徽财经大学,3402,501,03,审计学,普通类（财经管理）,6,8,562/7454,,557/7348,7,549/7341,不限,4年,5200,龙湖东校区,模拟测试数据-基于7521位次与6500—9500候选范围生成-非真实招生计划/录取结果,今年招生人数已填；模拟测试数据；2023招生人数缺失
C052,安徽财经大学,3402,501,04,财政学类,地方专项（模拟测试项）,2,1,562/7337,4,558/7186,3,548/7654,不限,4年,5000,龙湖东校区,模拟测试数据-基于7521位次与6500—9500候选范围生成-非真实招生计划/录取结果,今年招生人数已填；模拟测试数据；专项资格测试项，需核查是否具备资格；大类招生，分流方向需核查
C053,安徽财经大学,3402,501,05,人力资源管理,普通类（财经管理）,3,6,561/7534,2,557/7574,,549/7340,不限,4年,5000,龙湖东校区,模拟测试数据-基于7521位次与6500—9500候选范围生成-非真实招生计划/录取结果,今年招生人数已填；模拟测试数据；2022招生人数缺失
C054,安徽财经大学,3402,501,06,国际经济与贸易,普通类（财经管理）,10,10,560/7895,12,555/7866,7,,不限,4年,4200,龙湖东校区,模拟测试数据-基于7521位次与6500—9500候选范围生成-非真实招生计划/录取结果,今年招生人数已填；模拟测试数据；2022最低分/位次缺失
C055,安徽财经大学,3402,502,01,法学,普通类（文法管理）,2,2,561/7529,2,555/7823,1,549/7426,不限,4年,5000,龙湖东校区,模拟测试数据-基于7521位次与6500—9500候选范围生成-非真实招生计划/录取结果,今年招生人数已填；模拟测试数据
C056,安徽财经大学,3402,502,02,新闻传播学类,普通类（文法管理）,8,,561/7666,11,555/7833,10,549/7390,不限,4年,5520,龙湖东校区,模拟测试数据-基于7521位次与6500—9500候选范围生成-非真实招生计划/录取结果,今年招生人数已填；模拟测试数据；大类招生，分流方向需核查；2024招生人数缺失
C057,安徽财经大学,3402,502,03,商务英语,普通类（文法管理）,3,6,559/8111,1,,1,546/8184,不限,4年,5520,龙湖东校区,模拟测试数据-基于7521位次与6500—9500候选范围生成-非真实招生计划/录取结果,今年招生人数已填；模拟测试数据；2023最低分/位次缺失
C058,安徽财经大学,3402,502,04,行政管理,普通类（文法管理）,8,7,559/8103,10,554/8099,5,545/8453,不限,4年,5500,龙湖东校区,模拟测试数据-基于7521位次与6500—9500候选范围生成-非真实招生计划/录取结果,今年招生人数已填；模拟测试数据
C059,安徽财经大学,3402,502,05,劳动与社会保障,普通类（文法管理）,8,11,559/8193,6,553/8442,9,547/8045,不限,4年,5500,龙湖东校区,模拟测试数据-基于7521位次与6500—9500候选范围生成-非真实招生计划/录取结果,今年招生人数已填；模拟测试数据
C060,安徽财经大学,3402,502,06,电子商务,普通类（文法管理）,6,6,557/8527,,553/8557,9,544/8752,不限,4年,4800,龙湖东校区,模拟测试数据-基于7521位次与6500—9500候选范围生成-非真实招生计划/录取结果,今年招生人数已填；模拟测试数据；2023招生人数缺失
C061,浙江传媒学院,3301,501,01,广播电视学,普通类（新闻传播）,6,7,565/6787,5,559/7009,7,,不限,4年,4200,钱塘校区,模拟测试数据-基于7521位次与6500—9500候选范围生成-非真实招生计划/录取结果,今年招生人数已填；模拟测试数据；2022最低分/位次缺失
C062,浙江传媒学院,3301,501,02,网络与新媒体,普通类（新闻传播）,2,,,,,,,不限,4年,6000,钱塘校区,模拟测试数据-基于7521位次与6500—9500候选范围生成-非真实招生计划/录取结果,今年招生人数已填；模拟测试数据；模拟新开/调整专业，往年数据缺失；2024最低分/位次缺失；2024招生人数缺失；2023最低分/位次缺失；2023招生人数缺失；2022最低分/位次缺失；2022招生人数缺失
C063,浙江传媒学院,3301,501,03,新闻学,普通类（新闻传播）,4,4,564/7025,5,,,,不限,4年,4800,钱塘校区,模拟测试数据-基于7521位次与6500—9500候选范围生成-非真实招生计划/录取结果,今年招生人数已填；模拟测试数据；2023最低分/位次缺失；2022最低分/位次缺失；2022招生人数缺失
C064,浙江传媒学院,3301,501,04,传播学,普通类（新闻传播）,4,2,563/7107,2,,2,550/6999,不限,4年,4000,钱塘校区,模拟测试数据-基于7521位次与6500—9500候选范围生成-非真实招生计划/录取结果,今年招生人数已填；模拟测试数据；2023最低分/位次缺失
C065,浙江传媒学院,3301,501,05,广告学,普通类（新闻传播）,8,7,563/7202,5,,,550/7007,不限,4年,5000,钱塘校区,模拟测试数据-基于7521位次与6500—9500候选范围生成-非真实招生计划/录取结果,今年招生人数已填；模拟测试数据；2023最低分/位次缺失；2022招生人数缺失
C066,浙江传媒学院,3301,501,06,文化产业管理,普通类（新闻传播）,6,,562/7329,4,557/7554,9,550/6982,不限,4年,4380,钱塘校区,模拟测试数据-基于7521位次与6500—9500候选范围生成-非真实招生计划/录取结果,今年招生人数已填；模拟测试数据；2024招生人数缺失
C067,杭州师范大学,3302,501,01,汉语言文学(师范),普通类（师范文史）,12,15,568/6211,14,562/6375,12,555/5900,不限,4年,5520,仓前校区,模拟测试数据-基于7521位次与6500—9500候选范围生成-非真实招生计划/录取结果,今年招生人数已填；模拟测试数据
C068,杭州师范大学,3302,501,02,历史学(师范),普通类（师范文史）,6,9,566/6526,6,561/6468,7,553/6225,不限,4年,5520,仓前校区,模拟测试数据-基于7521位次与6500—9500候选范围生成-非真实招生计划/录取结果,今年招生人数已填；模拟测试数据
C069,杭州师范大学,3302,501,03,小学教育(师范),普通类（师范文史）,3,4,567/6411,1,560/6798,2,553/6291,不限,4年,5000,仓前校区,模拟测试数据-基于7521位次与6500—9500候选范围生成-非真实招生计划/录取结果,今年招生人数已填；模拟测试数据
C070,杭州师范大学,3302,501,04,教育技术学,普通类（师范文史）,8,8,565/6812,11,558/7227,6,552/6536,不限,4年,5200,仓前校区,模拟测试数据-基于7521位次与6500—9500候选范围生成-非真实招生计划/录取结果,今年招生人数已填；模拟测试数据
C071,杭州师范大学,3302,501,05,社会工作,普通类（师范文史）,1,4,566/6624,1,562/6309,3,,不限,4年,4800,仓前校区,模拟测试数据-基于7521位次与6500—9500候选范围生成-非真实招生计划/录取结果,今年招生人数已填；模拟测试数据；2022最低分/位次缺失
C072,杭州师范大学,3302,501,06,文化产业管理,普通类（师范文史）,2,2,565/6746,3,562/6438,4,549/7227,不限,4年,5000,仓前校区,模拟测试数据-基于7521位次与6500—9500候选范围生成-非真实招生计划/录取结果,今年招生人数已填；模拟测试数据
C073,杭州师范大学,3302,502,01,思想政治教育(师范),普通类（限思想政治）,2,2,,2,555/7906,3,,思想政治,4年,4200,仓前校区,模拟测试数据-基于7521位次与6500—9500候选范围生成-非真实招生计划/录取结果,今年招生人数已填；模拟测试数据；再选科目要求思想政治，需确认考生选科；2024最低分/位次缺失；2022最低分/位次缺失
C074,杭州师范大学,3302,502,02,法学,普通类（限思想政治）,15,15,561/7620,15,556/7758,16,549/7257,不限,4年,5000,仓前校区,模拟测试数据-基于7521位次与6500—9500候选范围生成-非真实招生计划/录取结果,今年招生人数已填；模拟测试数据
C075,杭州师范大学,3302,502,03,行政管理,普通类（限思想政治）,6,4,560/7921,6,555/8083,5,547/8045,不限,4年,5520,仓前校区,模拟测试数据-基于7521位次与6500—9500候选范围生成-非真实招生计划/录取结果,今年招生人数已填；模拟测试数据
C076,杭州师范大学,3302,502,04,社会学,普通类（限思想政治）,1,1,561/7756,1,557/7493,3,,不限,4年,5200,仓前校区,模拟测试数据-基于7521位次与6500—9500候选范围生成-非真实招生计划/录取结果,今年招生人数已填；模拟测试数据；2022最低分/位次缺失
C077,杭州师范大学,3302,502,05,公共事业管理,普通类（限思想政治）,16,19,559/8185,14,552/8599,16,545/8603,不限,4年,4600,仓前校区,模拟测试数据-基于7521位次与6500—9500候选范围生成-非真实招生计划/录取结果,今年招生人数已填；模拟测试数据
C078,杭州师范大学,3302,502,06,国际商务,普通类（限思想政治）,5,5,559/8082,2,553/8498,8,546/8060,不限,4年,4800,仓前校区,模拟测试数据-基于7521位次与6500—9500候选范围生成-非真实招生计划/录取结果,今年招生人数已填；模拟测试数据
C079,浙江工商大学,3303,501,01,新闻传播学类,普通类（财经管理）,15,12,564/6929,15,559/7079,17,549/7224,不限,4年,4380,下沙校区,模拟测试数据-基于7521位次与6500—9500候选范围生成-非真实招生计划/录取结果,今年招生人数已填；模拟测试数据；大类招生，分流方向需核查
C080,浙江工商大学,3303,501,02,法学类,普通类（财经管理）,4,1,564/6996,,560/6748,6,552/6626,不限,4年,5000,下沙校区,模拟测试数据-基于7521位次与6500—9500候选范围生成-非真实招生计划/录取结果,今年招生人数已填；模拟测试数据；大类招生，分流方向需核查；2023招生人数缺失
C081,浙江工商大学,3303,501,03,会计学,普通类（财经管理）,2,5,564/7042,1,559/6979,5,549/7245,不限,4年,4380,下沙校区,模拟测试数据-基于7521位次与6500—9500候选范围生成-非真实招生计划/录取结果,今年招生人数已填；模拟测试数据
C082,浙江工商大学,3303,501,04,财务管理,普通类（财经管理）,12,12,563/7216,12,558/7251,10,550/7021,不限,4年,4380,下沙校区,模拟测试数据-基于7521位次与6500—9500候选范围生成-非真实招生计划/录取结果,今年招生人数已填；模拟测试数据
C083,浙江工商大学,3303,501,05,工商管理类,普通类（财经管理）,10,8,562/7434,11,555/7833,9,548/7703,不限,4年,4800,下沙校区,模拟测试数据-基于7521位次与6500—9500候选范围生成-非真实招生计划/录取结果,今年招生人数已填；模拟测试数据；大类招生，分流方向需核查
C084,浙江工商大学,3303,501,06,公共管理类,普通类（财经管理）,8,5,561/7644,7,556/7776,8,546/8061,不限,4年,4380,下沙校区,模拟测试数据-基于7521位次与6500—9500候选范围生成-非真实招生计划/录取结果,今年招生人数已填；模拟测试数据；大类招生，分流方向需核查
C085,宁波大学,3304,501,01,汉语言文学,普通类（文史）,4,5,566/6550,4,562/6388,7,,不限,4年,4000,主校区,模拟测试数据-基于7521位次与6500—9500候选范围生成-非真实招生计划/录取结果,今年招生人数已填；模拟测试数据；2022最低分/位次缺失
C086,宁波大学,3304,501,02,新闻传播学类,普通类（文史）,8,8,565/6696,10,561/6668,,552/6528,不限,4年,5200,主校区,模拟测试数据-基于7521位次与6500—9500候选范围生成-非真实招生计划/录取结果,今年招生人数已填；模拟测试数据；大类招生，分流方向需核查；2022招生人数缺失
C087,宁波大学,3304,501,03,历史学,普通类（文史）,20,,565/6839,19,559/7076,21,552/6495,不限,4年,4000,主校区,模拟测试数据-基于7521位次与6500—9500候选范围生成-非真实招生计划/录取结果,今年招生人数已填；模拟测试数据；2024招生人数缺失
C088,宁波大学,3304,501,04,英语,普通类（文史）,3,4,,5,559/6969,3,551/6742,不限,4年,5200,主校区,模拟测试数据-基于7521位次与6500—9500候选范围生成-非真实招生计划/录取结果,今年招生人数已填；模拟测试数据；2024最低分/位次缺失
C089,宁波大学,3304,501,05,日语,普通类（文史）,4,,564/7030,1,558/7168,,550/7010,不限,4年,4380,主校区,模拟测试数据-基于7521位次与6500—9500候选范围生成-非真实招生计划/录取结果,今年招生人数已填；模拟测试数据；2024招生人数缺失；2022招生人数缺失
C090,宁波大学,3304,501,06,旅游管理,普通类（文史）,12,10,562/7368,13,557/7325,,548/7530,不限,4年,5520,主校区,模拟测试数据-基于7521位次与6500—9500候选范围生成-非真实招生计划/录取结果,今年招生人数已填；模拟测试数据；2022招生人数缺失
C091,宁波大学,3304,502,01,法学,普通类（管理财经）,8,,562/7309,5,557/7396,7,550/6998,不限,4年,4600,主校区,模拟测试数据-基于7521位次与6500—9500候选范围生成-非真实招生计划/录取结果,今年招生人数已填；模拟测试数据；2024招生人数缺失
C092,宁波大学,3304,502,02,行政管理,普通类（管理财经）,2,2,561/7564,5,555/7834,5,549/7390,不限,4年,4200,主校区,模拟测试数据-基于7521位次与6500—9500候选范围生成-非真实招生计划/录取结果,今年招生人数已填；模拟测试数据
C093,宁波大学,3304,502,03,工商管理,普通类（管理财经）,5,2,561/7629,5,556/7613,5,547/7849,不限,4年,4000,主校区,模拟测试数据-基于7521位次与6500—9500候选范围生成-非真实招生计划/录取结果,今年招生人数已填；模拟测试数据
C094,宁波大学,3304,502,04,会计学,普通类（管理财经）,15,,562/7498,14,557/7477,13,548/7608,不限,4年,4600,主校区,模拟测试数据-基于7521位次与6500—9500候选范围生成-非真实招生计划/录取结果,今年招生人数已填；模拟测试数据；2024招生人数缺失
C095,宁波大学,3304,502,05,物流管理,普通类（管理财经）,5,5,561/7676,8,557/7460,5,549/7277,不限,4年,4380,主校区,模拟测试数据-基于7521位次与6500—9500候选范围生成-非真实招生计划/录取结果,今年招生人数已填；模拟测试数据
C096,宁波大学,3304,502,06,电子商务,普通类（管理财经）,3,4,559/8135,3,554/8168,1,546/8184,不限,4年,5520,主校区,模拟测试数据-基于7521位次与6500—9500候选范围生成-非真实招生计划/录取结果,今年招生人数已填；模拟测试数据
C097,温州大学,3305,501,01,汉语言文学(师范),普通类（师范文史）,3,4,562/7444,,555/7823,2,547/7790,不限,4年,5000,茶山校区,模拟测试数据-基于7521位次与6500—9500候选范围生成-非真实招生计划/录取结果,今年招生人数已填；模拟测试数据；2023招生人数缺失
C098,温州大学,3305,501,02,历史学(师范),普通类（师范文史）,2,4,,2,556/7590,2,549/7316,不限,4年,4600,茶山校区,模拟测试数据-基于7521位次与6500—9500候选范围生成-非真实招生计划/录取结果,今年招生人数已填；模拟测试数据；2024最低分/位次缺失
C099,温州大学,3305,501,03,小学教育(师范),普通类（师范文史）,6,,561/7727,4,557/7439,6,546/8173,不限,4年,6000,茶山校区,模拟测试数据-基于7521位次与6500—9500候选范围生成-非真实招生计划/录取结果,今年招生人数已填；模拟测试数据；2024招生人数缺失
C100,温州大学,3305,501,04,学前教育(师范),普通类（师范文史）,6,7,559/8054,,554/8245,6,545/8345,不限,4年,4000,茶山校区,模拟测试数据-基于7521位次与6500—9500候选范围生成-非真实招生计划/录取结果,今年招生人数已填；模拟测试数据；2023招生人数缺失
C101,温州大学,3305,501,05,广告学,普通类（师范文史）,2,5,560/7849,,555/7990,2,547/7898,不限,4年,4380,茶山校区,模拟测试数据-基于7521位次与6500—9500候选范围生成-非真实招生计划/录取结果,今年招生人数已填；模拟测试数据；2023招生人数缺失
C102,温州大学,3305,501,06,行政管理,普通类（师范文史）,5,5,,,555/7883,,545/8468,不限,4年,4800,茶山校区,模拟测试数据-基于7521位次与6500—9500候选范围生成-非真实招生计划/录取结果,今年招生人数已填；模拟测试数据；2024最低分/位次缺失；2023招生人数缺失；2022招生人数缺失
C103,温州大学,3305,502,01,法学,普通类（文法管理）,12,14,559/8197,12,554/8155,,546/8240,不限,4年,4600,茶山校区,模拟测试数据-基于7521位次与6500—9500候选范围生成-非真实招生计划/录取结果,今年招生人数已填；模拟测试数据；2022招生人数缺失
C104,温州大学,3305,502,02,思想政治教育(师范),普通类（文法管理）,2,2,558/8333,,553/8352,2,545/8440,思想政治,4年,5500,茶山校区,模拟测试数据-基于7521位次与6500—9500候选范围生成-非真实招生计划/录取结果,今年招生人数已填；模拟测试数据；再选科目要求思想政治，需确认考生选科；2023招生人数缺失
C105,温州大学,3305,502,03,国际经济与贸易,普通类（文法管理）,5,5,557/8675,5,552/8774,4,546/8313,不限,4年,4200,茶山校区,模拟测试数据-基于7521位次与6500—9500候选范围生成-非真实招生计划/录取结果,今年招生人数已填；模拟测试数据
C106,温州大学,3305,502,04,财务管理,普通类（文法管理）,8,5,557/8530,6,553/8493,7,545/8485,不限,4年,4800,茶山校区,模拟测试数据-基于7521位次与6500—9500候选范围生成-非真实招生计划/录取结果,今年招生人数已填；模拟测试数据
C107,温州大学,3305,502,05,市场营销,普通类（文法管理）,3,3,555/9005,6,551/8953,1,,不限,4年,5500,茶山校区,模拟测试数据-基于7521位次与6500—9500候选范围生成-非真实招生计划/录取结果,今年招生人数已填；模拟测试数据；2022最低分/位次缺失
C108,温州大学,3305,502,06,公共事业管理,普通类（文法管理）,8,5,556/8830,,551/9077,9,544/8643,不限,4年,4000,茶山校区,模拟测试数据-基于7521位次与6500—9500候选范围生成-非真实招生计划/录取结果,今年招生人数已填；模拟测试数据；2023招生人数缺失
C109,南京财经大学,3201,501,01,会计学,普通类（财经管理）,12,12,568/6166,14,563/6191,10,553/6307,不限,4年,4000,仙林校区,模拟测试数据-基于7521位次与6500—9500候选范围生成-非真实招生计划/录取结果,今年招生人数已填；模拟测试数据
C110,南京财经大学,3201,501,02,财务管理,普通类（财经管理）,20,21,567/6246,18,563/6111,23,552/6552,不限,4年,4600,仙林校区,模拟测试数据-基于7521位次与6500—9500候选范围生成-非真实招生计划/录取结果,今年招生人数已填；模拟测试数据
C111,南京财经大学,3201,501,03,审计学,普通类（财经管理）,6,9,567/6399,3,562/6338,3,,不限,4年,6000,仙林校区,模拟测试数据-基于7521位次与6500—9500候选范围生成-非真实招生计划/录取结果,今年招生人数已填；模拟测试数据；2022最低分/位次缺失
C112,南京财经大学,3201,501,04,法学,普通类（财经管理）,10,10,567/6238,10,564/6021,10,551/6656,不限,4年,5520,仙林校区,模拟测试数据-基于7521位次与6500—9500候选范围生成-非真实招生计划/录取结果,今年招生人数已填；模拟测试数据
C113,南京财经大学,3201,501,05,新闻学,普通类（财经管理）,4,4,566/6510,7,560/6841,1,552/6570,不限,4年,5520,仙林校区,模拟测试数据-基于7521位次与6500—9500候选范围生成-非真实招生计划/录取结果,今年招生人数已填；模拟测试数据
C114,南京财经大学,3201,501,06,人力资源管理,普通类（财经管理）,10,12,566/6532,12,563/6238,8,552/6603,不限,4年,4380,仙林校区,模拟测试数据-基于7521位次与6500—9500候选范围生成-非真实招生计划/录取结果,今年招生人数已填；模拟测试数据
C115,江苏师范大学,3202,501,01,汉语言文学(师范),普通类（师范文史）,2,3,564/6854,2,559/6958,1,550/6996,不限,4年,4200,泉山校区,模拟测试数据-基于7521位次与6500—9500候选范围生成-非真实招生计划/录取结果,今年招生人数已填；模拟测试数据
C116,江苏师范大学,3202,501,02,历史学(师范),普通类（师范文史）,15,15,563/7108,15,560/6816,16,551/6815,不限,4年,4000,泉山校区,模拟测试数据-基于7521位次与6500—9500候选范围生成-非真实招生计划/录取结果,今年招生人数已填；模拟测试数据
C117,江苏师范大学,3202,501,03,小学教育(师范),普通类（师范文史）,15,,563/7079,13,558/7223,14,550/7142,不限,4年,6000,泉山校区,模拟测试数据-基于7521位次与6500—9500候选范围生成-非真实招生计划/录取结果,今年招生人数已填；模拟测试数据；2024招生人数缺失
C118,江苏师范大学,3202,501,04,教育学(师范),普通类（师范文史）,8,8,,9,,,551/6890,不限,4年,4380,泉山校区,模拟测试数据-基于7521位次与6500—9500候选范围生成-非真实招生计划/录取结果,今年招生人数已填；模拟测试数据；2024最低分/位次缺失；2023最低分/位次缺失；2022招生人数缺失
C119,江苏师范大学,3202,501,05,秘书学,普通类（师范文史）,8,8,562/7405,,557/7474,6,548/7521,不限,4年,4600,泉山校区,模拟测试数据-基于7521位次与6500—9500候选范围生成-非真实招生计划/录取结果,今年招生人数已填；模拟测试数据；2023招生人数缺失
C120,江苏师范大学,3202,501,06,广播电视学,普通类（师范文史）,10,12,562/7378,11,558/7227,13,548/7607,不限,4年,4000,泉山校区,模拟测试数据-基于7521位次与6500—9500候选范围生成-非真实招生计划/录取结果,今年招生人数已填；模拟测试数据
C121,江苏师范大学,3202,502,01,思想政治教育(师范),普通类（限思想政治）,6,6,561/7649,6,555/7841,8,,思想政治,4年,4000,泉山校区,模拟测试数据-基于7521位次与6500—9500候选范围生成-非真实招生计划/录取结果,今年招生人数已填；模拟测试数据；再选科目要求思想政治，需确认考生选科；2022最低分/位次缺失
C122,江苏师范大学,3202,502,02,法学,普通类（限思想政治）,20,20,562/7509,20,556/7755,21,548/7668,不限,4年,4200,泉山校区,模拟测试数据-基于7521位次与6500—9500候选范围生成-非真实招生计划/录取结果,今年招生人数已填；模拟测试数据
C123,江苏师范大学,3202,502,03,社会工作,普通类（限思想政治）,4,5,560/7955,4,554/8167,2,548/7732,不限,4年,5520,泉山校区,模拟测试数据-基于7521位次与6500—9500候选范围生成-非真实招生计划/录取结果,今年招生人数已填；模拟测试数据
C124,江苏师范大学,3202,502,04,行政管理,普通类（限思想政治）,3,4,560/7980,3,556/7797,3,,不限,4年,4600,泉山校区,模拟测试数据-基于7521位次与6500—9500候选范围生成-非真实招生计划/录取结果,今年招生人数已填；模拟测试数据；2022最低分/位次缺失
C125,江苏师范大学,3202,502,05,公共事业管理,普通类（限思想政治）,1,1,558/8279,2,554/8160,4,546/8290,不限,4年,4600,泉山校区,模拟测试数据-基于7521位次与6500—9500候选范围生成-非真实招生计划/录取结果,今年招生人数已填；模拟测试数据
C126,江苏师范大学,3202,502,06,文化产业管理,普通类（限思想政治）,10,12,559/8064,11,553/8365,13,545/8327,不限,4年,4000,泉山校区,模拟测试数据-基于7521位次与6500—9500候选范围生成-非真实招生计划/录取结果,今年招生人数已填；模拟测试数据
C127,南京晓庄学院,3203,501,01,小学教育(师范),普通类（师范文史）,15,16,559/8057,14,555/8067,13,545/8538,不限,4年,4200,方山校区,模拟测试数据-基于7521位次与6500—9500候选范围生成-非真实招生计划/录取结果,今年招生人数已填；模拟测试数据
C128,南京晓庄学院,3203,501,02,汉语言文学(师范),普通类（师范文史）,18,18,559/8050,15,554/8290,21,546/8200,不限,4年,4000,方山校区,模拟测试数据-基于7521位次与6500—9500候选范围生成-非真实招生计划/录取结果,今年招生人数已填；模拟测试数据
C129,南京晓庄学院,3203,501,03,历史学(师范),普通类（师范文史）,5,4,558/8432,8,,2,547/8015,不限,4年,5520,方山校区,模拟测试数据-基于7521位次与6500—9500候选范围生成-非真实招生计划/录取结果,今年招生人数已填；模拟测试数据；2023最低分/位次缺失
C130,南京晓庄学院,3203,501,04,网络与新媒体,普通类（师范文史）,8,10,,5,552/8822,9,544/8808,不限,4年,5500,方山校区,模拟测试数据-基于7521位次与6500—9500候选范围生成-非真实招生计划/录取结果,今年招生人数已填；模拟测试数据；2024最低分/位次缺失
C131,南京晓庄学院,3203,501,05,社会工作,普通类（师范文史）,4,4,558/8433,2,553/8405,3,546/8213,不限,4年,5200,方山校区,模拟测试数据-基于7521位次与6500—9500候选范围生成-非真实招生计划/录取结果,今年招生人数已填；模拟测试数据
C132,南京晓庄学院,3203,501,06,行政管理,普通类（师范文史）,5,5,557/8695,4,551/8977,,544/8831,不限,4年,4200,方山校区,模拟测试数据-基于7521位次与6500—9500候选范围生成-非真实招生计划/录取结果,今年招生人数已填；模拟测试数据；2022招生人数缺失
C133,苏州科技大学,3204,501,01,汉语言文学,普通类（文管）,18,20,560/7848,21,556/7599,18,,不限,4年,5500,石湖校区,模拟测试数据-基于7521位次与6500—9500候选范围生成-非真实招生计划/录取结果,今年招生人数已填；模拟测试数据；2022最低分/位次缺失
C134,苏州科技大学,3204,501,02,广播电视学,普通类（文管）,10,9,559/8145,11,553/8380,8,546/8099,不限,4年,5520,石湖校区,模拟测试数据-基于7521位次与6500—9500候选范围生成-非真实招生计划/录取结果,今年招生人数已填；模拟测试数据
C135,苏州科技大学,3204,501,03,社会工作,普通类（文管）,5,8,559/8108,5,555/7921,5,546/8096,不限,4年,5200,石湖校区,模拟测试数据-基于7521位次与6500—9500候选范围生成-非真实招生计划/录取结果,今年招生人数已填；模拟测试数据
C136,苏州科技大学,3204,501,04,人力资源管理,普通类（文管）,10,10,559/8170,10,554/8121,12,545/8480,不限,4年,4000,石湖校区,模拟测试数据-基于7521位次与6500—9500候选范围生成-非真实招生计划/录取结果,今年招生人数已填；模拟测试数据
C137,苏州科技大学,3204,501,05,旅游管理,普通类（文管）,12,14,557/8693,15,,15,543/8962,不限,4年,5200,石湖校区,模拟测试数据-基于7521位次与6500—9500候选范围生成-非真实招生计划/录取结果,今年招生人数已填；模拟测试数据；2023最低分/位次缺失
C138,苏州科技大学,3204,501,06,物流管理,普通类（文管）,8,11,558/8385,8,552/8716,7,545/8485,不限,4年,4800,石湖校区,模拟测试数据-基于7521位次与6500—9500候选范围生成-非真实招生计划/录取结果,今年招生人数已填；模拟测试数据
C139,扬州大学,3205,501,01,汉语言文学(师范),普通类（文史）,10,11,566/6564,11,559/6958,,550/7047,不限,4年,4800,扬子津校区,模拟测试数据-基于7521位次与6500—9500候选范围生成-非真实招生计划/录取结果,今年招生人数已填；模拟测试数据；2022招生人数缺失
C140,扬州大学,3205,501,02,历史学(师范),普通类（文史）,15,,564/6896,12,561/6655,16,550/7012,不限,4年,4600,扬子津校区,模拟测试数据-基于7521位次与6500—9500候选范围生成-非真实招生计划/录取结果,今年招生人数已填；模拟测试数据；2024招生人数缺失
C141,扬州大学,3205,501,03,法学,普通类（文史）,18,,565/6700,15,562/6415,16,551/6860,不限,4年,5500,扬子津校区,模拟测试数据-基于7521位次与6500—9500候选范围生成-非真实招生计划/录取结果,今年招生人数已填；模拟测试数据；2024招生人数缺失
C142,扬州大学,3205,501,04,广播电视学,普通类（文史）,10,7,564/6984,11,558/7165,,552/6577,不限,4年,4600,扬子津校区,模拟测试数据-基于7521位次与6500—9500候选范围生成-非真实招生计划/录取结果,今年招生人数已填；模拟测试数据；2022招生人数缺失
C143,扬州大学,3205,501,05,秘书学,普通类（文史）,10,10,564/7028,10,559/7046,10,551/6822,不限,4年,4600,扬子津校区,模拟测试数据-基于7521位次与6500—9500候选范围生成-非真实招生计划/录取结果,今年招生人数已填；模拟测试数据
C144,扬州大学,3205,501,06,档案学,普通类（文史）,6,3,563/7233,9,556/7614,6,548/7731,不限,4年,5000,扬子津校区,模拟测试数据-基于7521位次与6500—9500候选范围生成-非真实招生计划/录取结果,今年招生人数已填；模拟测试数据
C145,扬州大学,3205,502,01,工商管理,普通类（管理财经）,2,2,561/7587,1,557/7408,2,548/7571,不限,4年,5500,扬子津校区,模拟测试数据-基于7521位次与6500—9500候选范围生成-非真实招生计划/录取结果,今年招生人数已填；模拟测试数据
C146,扬州大学,3205,502,02,会计学,普通类（管理财经）,5,4,561/7605,4,557/7529,,548/7546,不限,4年,4380,扬子津校区,模拟测试数据-基于7521位次与6500—9500候选范围生成-非真实招生计划/录取结果,今年招生人数已填；模拟测试数据；2022招生人数缺失
C147,扬州大学,3205,502,03,财务管理,普通类（管理财经）,2,4,561/7756,,555/7987,,549/7339,不限,4年,5520,扬子津校区,模拟测试数据-基于7521位次与6500—9500候选范围生成-非真实招生计划/录取结果,今年招生人数已填；模拟测试数据；2023招生人数缺失；2022招生人数缺失
C148,扬州大学,3205,502,04,行政管理,普通类（管理财经）,2,1,559/8011,4,555/7898,3,547/7998,不限,4年,5520,扬子津校区,模拟测试数据-基于7521位次与6500—9500候选范围生成-非真实招生计划/录取结果,今年招生人数已填；模拟测试数据
C149,扬州大学,3205,502,05,公共事业管理,普通类（管理财经）,4,6,559/8220,5,554/8300,3,547/7959,不限,4年,4380,扬子津校区,模拟测试数据-基于7521位次与6500—9500候选范围生成-非真实招生计划/录取结果,今年招生人数已填；模拟测试数据
C150,扬州大学,3205,502,06,旅游管理,普通类（管理财经）,10,8,557/8549,12,,10,543/9020,不限,4年,4380,扬子津校区,模拟测试数据-基于7521位次与6500—9500候选范围生成-非真实招生计划/录取结果,今年招生人数已填；模拟测试数据；2023最低分/位次缺失
C151,上海立信会计金融学院,3101,501,01,会计学,普通类（财经管理）,3,,566/6552,,,2,550/6944,不限,4年,4380,松江校区,模拟测试数据-基于7521位次与6500—9500候选范围生成-非真实招生计划/录取结果,今年招生人数已填；模拟测试数据；2024招生人数缺失；2023最低分/位次缺失；2023招生人数缺失
C152,上海立信会计金融学院,3101,501,02,财务管理,普通类（财经管理）,18,17,566/6606,18,562/6437,18,550/6950,不限,4年,5500,松江校区,模拟测试数据-基于7521位次与6500—9500候选范围生成-非真实招生计划/录取结果,今年招生人数已填；模拟测试数据
C153,上海立信会计金融学院,3101,501,03,审计学,普通类（财经管理）,6,4,565/6773,9,561/6665,9,551/6857,不限,4年,6000,松江校区,模拟测试数据-基于7521位次与6500—9500候选范围生成-非真实招生计划/录取结果,今年招生人数已填；模拟测试数据
C154,上海立信会计金融学院,3101,501,04,法学,普通类（财经管理）,2,5,565/6742,2,559/6907,2,550/6940,不限,4年,4380,松江校区,模拟测试数据-基于7521位次与6500—9500候选范围生成-非真实招生计划/录取结果,今年招生人数已填；模拟测试数据
C155,上海立信会计金融学院,3101,501,05,人力资源管理,普通类（财经管理）,5,7,563/7123,5,557/7366,6,551/6878,不限,4年,4380,松江校区,模拟测试数据-基于7521位次与6500—9500候选范围生成-非真实招生计划/录取结果,今年招生人数已填；模拟测试数据
C156,上海立信会计金融学院,3101,501,06,行政管理,普通类（财经管理）,6,6,562/7306,,,9,549/7249,不限,4年,4200,松江校区,模拟测试数据-基于7521位次与6500—9500候选范围生成-非真实招生计划/录取结果,今年招生人数已填；模拟测试数据；2023最低分/位次缺失；2023招生人数缺失
C157,上海师范大学,3102,501,01,汉语言文学(师范),普通类（师范文史）,12,12,569/5918,10,563/6115,14,552/6408,不限,4年,5000,奉贤校区,模拟测试数据-基于7521位次与6500—9500候选范围生成-非真实招生计划/录取结果,今年招生人数已填；模拟测试数据
C158,上海师范大学,3102,501,02,历史学(师范),普通类（师范文史）,5,3,567/6382,,563/6222,6,552/6454,不限,4年,4800,奉贤校区,模拟测试数据-基于7521位次与6500—9500候选范围生成-非真实招生计划/录取结果,今年招生人数已填；模拟测试数据；2023招生人数缺失
C159,上海师范大学,3102,501,03,小学教育(师范),普通类（师范文史）,12,10,567/6272,9,563/6167,13,553/6167,不限,4年,4800,奉贤校区,模拟测试数据-基于7521位次与6500—9500候选范围生成-非真实招生计划/录取结果,今年招生人数已填；模拟测试数据
C160,上海师范大学,3102,501,04,新闻传播学类,普通类（师范文史）,10,10,567/6379,,,10,552/6508,不限,4年,5200,奉贤校区,模拟测试数据-基于7521位次与6500—9500候选范围生成-非真实招生计划/录取结果,今年招生人数已填；模拟测试数据；大类招生，分流方向需核查；2023最低分/位次缺失；2023招生人数缺失
C161,上海师范大学,3102,501,05,社会工作,普通类（师范文史）,5,3,566/6433,5,562/6457,4,552/6423,不限,4年,4200,奉贤校区,模拟测试数据-基于7521位次与6500—9500候选范围生成-非真实招生计划/录取结果,今年招生人数已填；模拟测试数据
C162,上海师范大学,3102,501,06,档案学,普通类（师范文史）,4,1,566/6529,6,562/6368,5,552/6441,不限,4年,5520,奉贤校区,模拟测试数据-基于7521位次与6500—9500候选范围生成-非真实招生计划/录取结果,今年招生人数已填；模拟测试数据
C163,上海政法学院,3103,501,01,法学,普通类（政法文史）,4,4,568/6228,7,562/6415,7,553/6214,不限,4年,4000,青浦校区,模拟测试数据-基于7521位次与6500—9500候选范围生成-非真实招生计划/录取结果,今年招生人数已填；模拟测试数据
C164,上海政法学院,3103,501,02,知识产权,普通类（政法文史）,8,10,566/6575,8,560/6671,6,,不限,4年,4600,青浦校区,模拟测试数据-基于7521位次与6500—9500候选范围生成-非真实招生计划/录取结果,今年招生人数已填；模拟测试数据；2022最低分/位次缺失
C165,上海政法学院,3103,501,03,社会工作,普通类（政法文史）,6,4,566/6460,5,560/6874,7,554/6138,不限,4年,4200,青浦校区,模拟测试数据-基于7521位次与6500—9500候选范围生成-非真实招生计划/录取结果,今年招生人数已填；模拟测试数据
C166,上海政法学院,3103,501,04,新闻学,普通类（政法文史）,3,1,566/6465,6,560/6865,2,553/6349,不限,4年,4200,青浦校区,模拟测试数据-基于7521位次与6500—9500候选范围生成-非真实招生计划/录取结果,今年招生人数已填；模拟测试数据
C167,上海政法学院,3103,501,05,汉语言文学,普通类（政法文史）,8,8,566/6480,11,563/6201,10,552/6405,不限,4年,5520,青浦校区,模拟测试数据-基于7521位次与6500—9500候选范围生成-非真实招生计划/录取结果,今年招生人数已填；模拟测试数据
C168,上海政法学院,3103,501,06,行政管理,普通类（政法文史）,16,17,564/7036,,559/6890,16,,不限,4年,4000,青浦校区,模拟测试数据-基于7521位次与6500—9500候选范围生成-非真实招生计划/录取结果,今年招生人数已填；模拟测试数据；2023招生人数缺失；2022最低分/位次缺失
C169,福建师范大学,3501,501,01,汉语言文学(师范),普通类（师范文史）,12,14,565/6751,9,560/6734,12,553/6360,不限,4年,4800,旗山校区,模拟测试数据-基于7521位次与6500—9500候选范围生成-非真实招生计划/录取结果,今年招生人数已填；模拟测试数据
C170,福建师范大学,3501,501,02,历史学(师范),普通类（师范文史）,15,18,564/7030,13,559/7079,14,548/7490,不限,4年,6000,旗山校区,模拟测试数据-基于7521位次与6500—9500候选范围生成-非真实招生计划/录取结果,今年招生人数已填；模拟测试数据
C171,福建师范大学,3501,501,03,小学教育(师范),普通类（师范文史）,20,17,563/7227,,558/7309,19,548/7512,不限,4年,5200,旗山校区,模拟测试数据-基于7521位次与6500—9500候选范围生成-非真实招生计划/录取结果,今年招生人数已填；模拟测试数据；2023招生人数缺失
C172,福建师范大学,3501,501,04,教育学,普通类（师范文史）,2,2,562/7334,2,559/7095,1,,不限,4年,6000,旗山校区,模拟测试数据-基于7521位次与6500—9500候选范围生成-非真实招生计划/录取结果,今年招生人数已填；模拟测试数据；2022最低分/位次缺失
C173,福建师范大学,3501,501,05,新闻传播学类,普通类（师范文史）,4,4,563/7140,6,558/7162,2,550/7103,不限,4年,4200,旗山校区,模拟测试数据-基于7521位次与6500—9500候选范围生成-非真实招生计划/录取结果,今年招生人数已填；模拟测试数据；大类招生，分流方向需核查
C174,福建师范大学,3501,501,06,文化产业管理,普通类（师范文史）,6,,562/7460,6,556/7740,3,547/7796,不限,4年,4000,旗山校区,模拟测试数据-基于7521位次与6500—9500候选范围生成-非真实招生计划/录取结果,今年招生人数已填；模拟测试数据；2024招生人数缺失
C175,福建师范大学,3501,502,01,思想政治教育(师范),普通类（限思想政治）,4,6,560/7838,,555/8001,4,547/7892,思想政治,4年,5520,旗山校区,模拟测试数据-基于7521位次与6500—9500候选范围生成-非真实招生计划/录取结果,今年招生人数已填；模拟测试数据；再选科目要求思想政治，需确认考生选科；2023招生人数缺失
C176,福建师范大学,3501,502,02,马克思主义理论,普通类（限思想政治）,6,9,560/7950,3,554/8122,8,548/7611,思想政治,4年,5520,旗山校区,模拟测试数据-基于7521位次与6500—9500候选范围生成-非真实招生计划/录取结果,今年招生人数已填；模拟测试数据；再选科目要求思想政治，需确认考生选科
C177,福建师范大学,3501,502,03,法学,普通类（限思想政治）,4,6,561/7748,3,555/7887,7,548/7667,不限,4年,4380,旗山校区,模拟测试数据-基于7521位次与6500—9500候选范围生成-非真实招生计划/录取结果,今年招生人数已填；模拟测试数据
C178,福建师范大学,3501,502,04,行政管理,普通类（限思想政治）,4,5,558/8256,5,,7,546/8098,不限,4年,5000,旗山校区,模拟测试数据-基于7521位次与6500—9500候选范围生成-非真实招生计划/录取结果,今年招生人数已填；模拟测试数据；2023最低分/位次缺失
C179,福建师范大学,3501,502,05,劳动与社会保障,普通类（限思想政治）,6,3,559/8190,6,552/8608,3,546/8249,不限,4年,4600,旗山校区,模拟测试数据-基于7521位次与6500—9500候选范围生成-非真实招生计划/录取结果,今年招生人数已填；模拟测试数据
C180,福建师范大学,3501,502,06,社会工作,普通类（限思想政治）,8,7,559/8126,,555/7834,11,548/7719,不限,4年,5520,旗山校区,模拟测试数据-基于7521位次与6500—9500候选范围生成-非真实招生计划/录取结果,今年招生人数已填；模拟测试数据；2023招生人数缺失
C181,集美大学,3502,501,01,汉语言文学,普通类（文管）,12,13,562/7301,9,557/7509,15,549/7292,不限,4年,5500,集美校区,模拟测试数据-基于7521位次与6500—9500候选范围生成-非真实招生计划/录取结果,今年招生人数已填；模拟测试数据
C182,集美大学,3502,501,02,新闻学,普通类（文管）,6,7,561/7587,9,557/7551,6,549/7422,不限,4年,4800,集美校区,模拟测试数据-基于7521位次与6500—9500候选范围生成-非真实招生计划/录取结果,今年招生人数已填；模拟测试数据
C183,集美大学,3502,501,03,英语,普通类（文管）,5,,560/7861,2,555/8009,8,,不限,4年,4200,集美校区,模拟测试数据-基于7521位次与6500—9500候选范围生成-非真实招生计划/录取结果,今年招生人数已填；模拟测试数据；2024招生人数缺失；2022最低分/位次缺失
C184,集美大学,3502,501,04,法学,普通类（文管）,4,4,561/7616,2,556/7668,4,547/7969,不限,4年,5520,集美校区,模拟测试数据-基于7521位次与6500—9500候选范围生成-非真实招生计划/录取结果,今年招生人数已填；模拟测试数据
C185,集美大学,3502,501,05,会计学,普通类（文管）,12,,561/7766,11,556/7642,12,549/7393,不限,4年,4800,集美校区,模拟测试数据-基于7521位次与6500—9500候选范围生成-非真实招生计划/录取结果,今年招生人数已填；模拟测试数据；2024招生人数缺失
C186,集美大学,3502,501,06,旅游管理,普通类（文管）,2,4,558/8280,5,554/8190,2,547/7877,不限,4年,5000,集美校区,模拟测试数据-基于7521位次与6500—9500候选范围生成-非真实招生计划/录取结果,今年招生人数已填；模拟测试数据
C187,闽南师范大学,3503,501,01,汉语言文学(师范),普通类（师范文史）,6,6,559/8124,6,554/8162,4,545/8468,不限,4年,5520,圆山校区,模拟测试数据-基于7521位次与6500—9500候选范围生成-非真实招生计划/录取结果,今年招生人数已填；模拟测试数据
C188,闽南师范大学,3503,501,02,历史学(师范),普通类（师范文史）,6,9,557/8599,5,551/8904,9,545/8550,不限,4年,4000,圆山校区,模拟测试数据-基于7521位次与6500—9500候选范围生成-非真实招生计划/录取结果,今年招生人数已填；模拟测试数据
C189,闽南师范大学,3503,501,03,小学教育(师范),普通类（师范文史）,2,3,557/8552,,,,544/8887,不限,4年,4200,圆山校区,模拟测试数据-基于7521位次与6500—9500候选范围生成-非真实招生计划/录取结果,今年招生人数已填；模拟测试数据；2023最低分/位次缺失；2023招生人数缺失；2022招生人数缺失
C190,闽南师范大学,3503,501,04,网络与新媒体,普通类（师范文史）,2,,,,,,,不限,4年,6000,圆山校区,模拟测试数据-基于7521位次与6500—9500候选范围生成-非真实招生计划/录取结果,今年招生人数已填；模拟测试数据；模拟新开/调整专业，往年数据缺失；2024最低分/位次缺失；2024招生人数缺失；2023最低分/位次缺失；2023招生人数缺失；2022最低分/位次缺失；2022招生人数缺失
C191,闽南师范大学,3503,501,05,社会工作,普通类（师范文史）,10,12,557/8719,13,552/8678,,544/8895,不限,4年,4600,圆山校区,模拟测试数据-基于7521位次与6500—9500候选范围生成-非真实招生计划/录取结果,今年招生人数已填；模拟测试数据；2022招生人数缺失
C192,闽南师范大学,3503,501,06,文化产业管理,普通类（师范文史）,3,1,556/8772,6,551/8848,1,543/9179,不限,4年,4000,圆山校区,模拟测试数据-基于7521位次与6500—9500候选范围生成-非真实招生计划/录取结果,今年招生人数已填；模拟测试数据
C193,华侨大学,3504,501,01,汉语言文学,普通类（文史）,2,1,563/7197,4,558/7286,1,550/6914,不限,4年,6000,泉州校区,模拟测试数据-基于7521位次与6500—9500候选范围生成-非真实招生计划/录取结果,今年招生人数已填；模拟测试数据
C194,华侨大学,3504,501,02,新闻传播学类,普通类（文史）,2,1,562/7361,2,557/7359,,550/6948,不限,4年,4200,泉州校区,模拟测试数据-基于7521位次与6500—9500候选范围生成-非真实招生计划/录取结果,今年招生人数已填；模拟测试数据；大类招生，分流方向需核查；2022招生人数缺失
C195,华侨大学,3504,501,03,法学,普通类（文史）,8,11,562/7397,8,557/7324,8,550/7054,不限,4年,4200,泉州校区,模拟测试数据-基于7521位次与6500—9500候选范围生成-非真实招生计划/录取结果,今年招生人数已填；模拟测试数据
C196,华侨大学,3504,501,04,行政管理,普通类（文史）,2,1,560/7845,1,556/7694,4,547/7978,不限,4年,4200,泉州校区,模拟测试数据-基于7521位次与6500—9500候选范围生成-非真实招生计划/录取结果,今年招生人数已填；模拟测试数据
C197,华侨大学,3504,501,05,旅游管理,普通类（文史）,4,4,559/8172,3,555/8075,5,545/8625,不限,4年,4200,泉州校区,模拟测试数据-基于7521位次与6500—9500候选范围生成-非真实招生计划/录取结果,今年招生人数已填；模拟测试数据
C198,华侨大学,3504,501,06,工商管理类,普通类（文史）,12,14,560/7880,,554/8298,14,548/7508,不限,4年,4380,泉州校区,模拟测试数据-基于7521位次与6500—9500候选范围生成-非真实招生计划/录取结果,今年招生人数已填；模拟测试数据；大类招生，分流方向需核查；2023招生人数缺失
C199,湖北大学,4201,501,01,汉语言文学,普通类（文史）,20,21,566/6417,21,561/6635,21,553/6250,不限,4年,4200,武昌校区,模拟测试数据-基于7521位次与6500—9500候选范围生成-非真实招生计划/录取结果,今年招生人数已填；模拟测试数据
C200,湖北大学,4201,501,02,新闻传播学类,普通类（文史）,6,8,565/6683,,559/7094,9,550/7097,不限,4年,5000,武昌校区,模拟测试数据-基于7521位次与6500—9500候选范围生成-非真实招生计划/录取结果,今年招生人数已填；模拟测试数据；大类招生，分流方向需核查；2023招生人数缺失
C201,湖北大学,4201,501,03,历史学,普通类（文史）,18,17,564/6942,21,559/7047,18,550/7029,不限,4年,4600,武昌校区,模拟测试数据-基于7521位次与6500—9500候选范围生成-非真实招生计划/录取结果,今年招生人数已填；模拟测试数据
C202,湖北大学,4201,501,04,法学,普通类（文史）,6,8,565/6790,6,561/6514,,549/7251,不限,4年,4380,武昌校区,模拟测试数据-基于7521位次与6500—9500候选范围生成-非真实招生计划/录取结果,今年招生人数已填；模拟测试数据；2022招生人数缺失
C203,湖北大学,4201,501,05,档案学,普通类（文史）,4,3,564/6949,,559/6891,6,550/7130,不限,4年,4200,武昌校区,模拟测试数据-基于7521位次与6500—9500候选范围生成-非真实招生计划/录取结果,今年招生人数已填；模拟测试数据；2023招生人数缺失
C204,湖北大学,4201,501,06,文化产业管理,普通类（文史）,4,5,563/7183,7,558/7147,4,,不限,4年,4380,武昌校区,模拟测试数据-基于7521位次与6500—9500候选范围生成-非真实招生计划/录取结果,今年招生人数已填；模拟测试数据；2022最低分/位次缺失
C205,湖北大学,4201,502,01,行政管理,普通类（管理财经）,16,14,560/7817,15,,13,548/7698,不限,4年,5520,武昌校区,模拟测试数据-基于7521位次与6500—9500候选范围生成-非真实招生计划/录取结果,今年招生人数已填；模拟测试数据；2023最低分/位次缺失
C206,湖北大学,4201,502,02,公共事业管理,普通类（管理财经）,12,13,560/7992,12,554/8183,13,546/8107,不限,4年,5520,武昌校区,模拟测试数据-基于7521位次与6500—9500候选范围生成-非真实招生计划/录取结果,今年招生人数已填；模拟测试数据
C207,湖北大学,4201,502,03,工商管理,普通类（管理财经）,2,1,560/7855,2,554/8244,1,547/7955,不限,4年,4380,武昌校区,模拟测试数据-基于7521位次与6500—9500候选范围生成-非真实招生计划/录取结果,今年招生人数已填；模拟测试数据
C208,湖北大学,4201,502,04,会计学,普通类（管理财经）,6,7,560/7817,4,555/7943,7,548/7659,不限,4年,4380,武昌校区,模拟测试数据-基于7521位次与6500—9500候选范围生成-非真实招生计划/录取结果,今年招生人数已填；模拟测试数据
C209,湖北大学,4201,502,05,人力资源管理,普通类（管理财经）,5,8,560/7966,5,553/8347,6,546/8213,不限,4年,6000,武昌校区,模拟测试数据-基于7521位次与6500—9500候选范围生成-非真实招生计划/录取结果,今年招生人数已填；模拟测试数据
C210,湖北大学,4201,502,06,旅游管理,普通类（管理财经）,1,1,557/8518,4,551/8915,,544/8884,不限,4年,5520,武昌校区,模拟测试数据-基于7521位次与6500—9500候选范围生成-非真实招生计划/录取结果,今年招生人数已填；模拟测试数据；2022招生人数缺失
C211,中南民族大学,4202,501,01,汉语言文学,普通类（文史）,15,18,563/7106,15,557/7411,12,548/7561,不限,4年,5200,南湖校区,模拟测试数据-基于7521位次与6500—9500候选范围生成-非真实招生计划/录取结果,今年招生人数已填；模拟测试数据
C212,中南民族大学,4202,501,02,新闻传播学类,普通类（文史）,15,13,562/7387,12,556/7618,13,550/7099,不限,4年,6000,南湖校区,模拟测试数据-基于7521位次与6500—9500候选范围生成-非真实招生计划/录取结果,今年招生人数已填；模拟测试数据；大类招生，分流方向需核查
C213,中南民族大学,4202,501,03,历史学类,普通类（文史）,15,14,562/7483,13,557/7367,12,547/7812,不限,4年,5520,南湖校区,模拟测试数据-基于7521位次与6500—9500候选范围生成-非真实招生计划/录取结果,今年招生人数已填；模拟测试数据；大类招生，分流方向需核查
C214,中南民族大学,4202,501,04,法学,普通类（文史）,6,6,561/7538,8,555/7917,8,,不限,4年,5500,南湖校区,模拟测试数据-基于7521位次与6500—9500候选范围生成-非真实招生计划/录取结果,今年招生人数已填；模拟测试数据；2022最低分/位次缺失
C215,中南民族大学,4202,501,05,社会学类,普通类（文史）,5,,,4,555/7928,3,548/7553,不限,4年,4380,南湖校区,模拟测试数据-基于7521位次与6500—9500候选范围生成-非真实招生计划/录取结果,今年招生人数已填；模拟测试数据；大类招生，分流方向需核查；2024最低分/位次缺失；2024招生人数缺失
C216,中南民族大学,4202,501,06,民族学,普通类（文史）,3,,560/7813,1,556/7645,1,547/7946,不限,4年,4600,南湖校区,模拟测试数据-基于7521位次与6500—9500候选范围生成-非真实招生计划/录取结果,今年招生人数已填；模拟测试数据；2024招生人数缺失
C217,中南民族大学,4202,502,01,行政管理,普通类（管理外语）,5,,558/8424,5,552/8783,8,545/8603,不限,4年,5200,南湖校区,模拟测试数据-基于7521位次与6500—9500候选范围生成-非真实招生计划/录取结果,今年招生人数已填；模拟测试数据；2024招生人数缺失
C218,中南民族大学,4202,502,02,公共管理类,普通类（管理外语）,16,18,557/8551,16,552/8815,,,不限,4年,4200,南湖校区,模拟测试数据-基于7521位次与6500—9500候选范围生成-非真实招生计划/录取结果,今年招生人数已填；模拟测试数据；大类招生，分流方向需核查；2022最低分/位次缺失；2022招生人数缺失
C219,中南民族大学,4202,502,03,英语,普通类（管理外语）,8,11,,6,552/8654,8,544/8783,不限,4年,5200,南湖校区,模拟测试数据-基于7521位次与6500—9500候选范围生成-非真实招生计划/录取结果,今年招生人数已填；模拟测试数据；2024最低分/位次缺失
C220,中南民族大学,4202,502,04,商务英语,普通类（管理外语）,10,10,556/8761,7,552/8624,10,544/8732,不限,4年,5500,南湖校区,模拟测试数据-基于7521位次与6500—9500候选范围生成-非真实招生计划/录取结果,今年招生人数已填；模拟测试数据
C221,中南民族大学,4202,502,05,经济学类,普通类（管理外语）,5,7,557/8610,4,552/8801,6,545/8401,不限,4年,4600,南湖校区,模拟测试数据-基于7521位次与6500—9500候选范围生成-非真实招生计划/录取结果,今年招生人数已填；模拟测试数据；大类招生，分流方向需核查
C222,中南民族大学,4202,502,06,电子商务,普通类（管理外语）,6,6,555/8993,5,550/9346,,543/9147,不限,4年,6000,南湖校区,模拟测试数据-基于7521位次与6500—9500候选范围生成-非真实招生计划/录取结果,今年招生人数已填；模拟测试数据；2022招生人数缺失
C223,湖北师范大学,4203,501,01,汉语言文学(师范),普通类（师范文史）,18,16,558/8372,19,552/8731,21,545/8556,不限,4年,4380,黄石校区,模拟测试数据-基于7521位次与6500—9500候选范围生成-非真实招生计划/录取结果,今年招生人数已填；模拟测试数据
C224,湖北师范大学,4203,501,02,历史学(师范),普通类（师范文史）,5,6,557/8660,8,552/8608,,544/8885,不限,4年,5200,黄石校区,模拟测试数据-基于7521位次与6500—9500候选范围生成-非真实招生计划/录取结果,今年招生人数已填；模拟测试数据；2022招生人数缺失
C225,湖北师范大学,4203,501,03,小学教育(师范),普通类（师范文史）,12,,556/8780,9,551/8900,11,545/8558,不限,4年,5520,黄石校区,模拟测试数据-基于7521位次与6500—9500候选范围生成-非真实招生计划/录取结果,今年招生人数已填；模拟测试数据；2024招生人数缺失
C226,湖北师范大学,4203,501,04,教育学类,普通类（师范文史）,8,5,556/8742,5,551/8890,8,545/8341,不限,4年,4200,黄石校区,模拟测试数据-基于7521位次与6500—9500候选范围生成-非真实招生计划/录取结果,今年招生人数已填；模拟测试数据；大类招生，分流方向需核查
C227,湖北师范大学,4203,501,05,思想政治教育(师范),普通类（师范文史）,20,23,555/9012,,552/8787,19,543/9039,思想政治,4年,4000,黄石校区,模拟测试数据-基于7521位次与6500—9500候选范围生成-非真实招生计划/录取结果,今年招生人数已填；模拟测试数据；再选科目要求思想政治，需确认考生选科；2023招生人数缺失
C228,湖北师范大学,4203,501,06,网络与新媒体,普通类（师范文史）,18,,556/8971,18,552/8799,18,542/9453,不限,4年,4380,黄石校区,模拟测试数据-基于7521位次与6500—9500候选范围生成-非真实招生计划/录取结果,今年招生人数已填；模拟测试数据；2024招生人数缺失
C229,长江大学,4204,501,01,汉语言文学(师范),普通类（文管）,10,12,557/8725,10,551/8967,11,544/8757,不限,4年,4800,荆州校区,模拟测试数据-基于7521位次与6500—9500候选范围生成-非真实招生计划/录取结果,今年招生人数已填；模拟测试数据
C230,长江大学,4204,501,02,历史学(师范),普通类（文管）,18,19,556/8962,,552/8821,,544/8778,不限,4年,5200,荆州校区,模拟测试数据-基于7521位次与6500—9500候选范围生成-非真实招生计划/录取结果,今年招生人数已填；模拟测试数据；2023招生人数缺失；2022招生人数缺失
C231,长江大学,4204,501,03,法学,普通类（文管）,18,18,556/8870,19,552/8797,18,543/8976,不限,4年,6000,荆州校区,模拟测试数据-基于7521位次与6500—9500候选范围生成-非真实招生计划/录取结果,今年招生人数已填；模拟测试数据
C232,长江大学,4204,501,04,广播电视学,普通类（文管）,4,4,555/9170,4,551/9002,4,544/8850,不限,4年,4800,荆州校区,模拟测试数据-基于7521位次与6500—9500候选范围生成-非真实招生计划/录取结果,今年招生人数已填；模拟测试数据
C233,长江大学,4204,501,05,社会工作,普通类（文管）,1,1,554/9305,1,551/9083,,542/9576,不限,4年,5520,荆州校区,模拟测试数据-基于7521位次与6500—9500候选范围生成-非真实招生计划/录取结果,今年招生人数已填；模拟测试数据；2022招生人数缺失
C234,长江大学,4204,501,06,工商管理类,普通类（文管）,4,4,554/9256,5,,3,542/9486,不限,4年,5000,荆州校区,模拟测试数据-基于7521位次与6500—9500候选范围生成-非真实招生计划/录取结果,今年招生人数已填；模拟测试数据；大类招生，分流方向需核查；2023最低分/位次缺失
C235,湖南师范大学,4301,501,01,汉语言文学(师范),普通类（师范文史）,20,17,569/5800,21,564/5982,21,555/5900,不限,4年,6000,二里半校区,模拟测试数据-基于7521位次与6500—9500候选范围生成-非真实招生计划/录取结果,今年招生人数已填；模拟测试数据
C236,湖南师范大学,4301,501,02,历史学(师范),普通类（师范文史）,12,12,568/6199,11,561/6487,9,553/6314,不限,4年,5000,二里半校区,模拟测试数据-基于7521位次与6500—9500候选范围生成-非真实招生计划/录取结果,今年招生人数已填；模拟测试数据
C237,湖南师范大学,4301,501,03,新闻传播学类,普通类（师范文史）,5,5,569/6026,4,,2,554/5940,不限,4年,5000,二里半校区,模拟测试数据-基于7521位次与6500—9500候选范围生成-非真实招生计划/录取结果,今年招生人数已填；模拟测试数据；大类招生，分流方向需核查；2023最低分/位次缺失
C238,湖南师范大学,4301,501,04,教育学,普通类（师范文史）,10,10,568/6204,7,561/6529,7,554/6086,不限,4年,4200,二里半校区,模拟测试数据-基于7521位次与6500—9500候选范围生成-非真实招生计划/录取结果,今年招生人数已填；模拟测试数据
C239,湖南师范大学,4301,501,05,法学,普通类（师范文史）,12,13,568/6103,14,564/5981,,555/5900,不限,4年,4380,二里半校区,模拟测试数据-基于7521位次与6500—9500候选范围生成-非真实招生计划/录取结果,今年招生人数已填；模拟测试数据；2022招生人数缺失
C240,湖南师范大学,4301,501,06,文化产业管理,普通类（师范文史）,10,10,566/6430,10,562/6366,11,554/6145,不限,4年,5000,二里半校区,模拟测试数据-基于7521位次与6500—9500候选范围生成-非真实招生计划/录取结果,今年招生人数已填；模拟测试数据
C241,湖南师范大学,4301,502,01,思想政治教育(师范),普通类（限思想政治）,18,18,563/7078,19,557/7488,17,551/6677,思想政治,4年,4800,二里半校区,模拟测试数据-基于7521位次与6500—9500候选范围生成-非真实招生计划/录取结果,今年招生人数已填；模拟测试数据；再选科目要求思想政治，需确认考生选科
C242,湖南师范大学,4301,502,02,马克思主义理论,普通类（限思想政治）,6,5,563/7224,8,,3,549/7223,思想政治,4年,6000,二里半校区,模拟测试数据-基于7521位次与6500—9500候选范围生成-非真实招生计划/录取结果,今年招生人数已填；模拟测试数据；再选科目要求思想政治，需确认考生选科；2023最低分/位次缺失
C243,湖南师范大学,4301,502,03,政治学与行政学,普通类（限思想政治）,1,1,562/7361,3,559/7070,1,550/7122,思想政治,4年,4800,二里半校区,模拟测试数据-基于7521位次与6500—9500候选范围生成-非真实招生计划/录取结果,今年招生人数已填；模拟测试数据；再选科目要求思想政治，需确认考生选科
C244,湖南师范大学,4301,502,04,社会学,普通类（限思想政治）,3,2,562/7452,6,556/7606,3,547/7790,不限,4年,4380,二里半校区,模拟测试数据-基于7521位次与6500—9500候选范围生成-非真实招生计划/录取结果,今年招生人数已填；模拟测试数据
C245,湖南师范大学,4301,502,05,行政管理,普通类（限思想政治）,1,3,562/7451,1,557/7421,2,550/7083,不限,4年,4200,二里半校区,模拟测试数据-基于7521位次与6500—9500候选范围生成-非真实招生计划/录取结果,今年招生人数已填；模拟测试数据
C246,湖南师范大学,4301,502,06,哲学,普通类（限思想政治）,4,3,561/7556,4,555/7968,4,549/7343,不限,4年,5200,二里半校区,模拟测试数据-基于7521位次与6500—9500候选范围生成-非真实招生计划/录取结果,今年招生人数已填；模拟测试数据
C247,湖南工商大学,4302,501,01,会计学,普通类（财经管理）,12,14,561/7702,12,555/7984,,549/7349,不限,4年,5520,岳麓校区,模拟测试数据-基于7521位次与6500—9500候选范围生成-非真实招生计划/录取结果,今年招生人数已填；模拟测试数据；2022招生人数缺失
C248,湖南工商大学,4302,501,02,财务管理,普通类（财经管理）,8,11,560/7868,5,556/7666,5,548/7512,不限,4年,4600,岳麓校区,模拟测试数据-基于7521位次与6500—9500候选范围生成-非真实招生计划/录取结果,今年招生人数已填；模拟测试数据
C249,湖南工商大学,4302,501,03,审计学,普通类（财经管理）,3,1,559/8034,1,553/8448,3,,不限,4年,4800,岳麓校区,模拟测试数据-基于7521位次与6500—9500候选范围生成-非真实招生计划/录取结果,今年招生人数已填；模拟测试数据；2022最低分/位次缺失
C250,湖南工商大学,4302,501,04,法学,普通类（财经管理）,12,11,559/8030,13,555/8037,13,546/8081,不限,4年,4380,岳麓校区,模拟测试数据-基于7521位次与6500—9500候选范围生成-非真实招生计划/录取结果,今年招生人数已填；模拟测试数据
C251,湖南工商大学,4302,501,05,新闻传播学类,普通类（财经管理）,20,20,559/8173,,555/7914,19,545/8540,不限,4年,4200,岳麓校区,模拟测试数据-基于7521位次与6500—9500候选范围生成-非真实招生计划/录取结果,今年招生人数已填；模拟测试数据；大类招生，分流方向需核查；2023招生人数缺失
C252,湖南工商大学,4302,501,06,人力资源管理,普通类（财经管理）,1,3,559/8240,1,554/8281,4,547/7889,不限,4年,4600,岳麓校区,模拟测试数据-基于7521位次与6500—9500候选范围生成-非真实招生计划/录取结果,今年招生人数已填；模拟测试数据
C253,湖南科技大学,4303,501,01,汉语言文学(师范),普通类（文史师范）,8,8,559/8223,5,,7,545/8591,不限,4年,4600,湘潭校区,模拟测试数据-基于7521位次与6500—9500候选范围生成-非真实招生计划/录取结果,今年招生人数已填；模拟测试数据；2023最低分/位次缺失
C254,湖南科技大学,4303,501,02,历史学(师范),普通类（文史师范）,2,,557/8583,1,551/8952,3,545/8365,不限,4年,4600,湘潭校区,模拟测试数据-基于7521位次与6500—9500候选范围生成-非真实招生计划/录取结果,今年招生人数已填；模拟测试数据；2024招生人数缺失
C255,湖南科技大学,4303,501,03,教育学,普通类（文史师范）,1,4,557/8562,1,551/8842,1,544/8838,不限,4年,5520,湘潭校区,模拟测试数据-基于7521位次与6500—9500候选范围生成-非真实招生计划/录取结果,今年招生人数已填；模拟测试数据
C256,湖南科技大学,4303,501,04,小学教育(师范),普通类（文史师范）,10,12,557/8500,10,552/8681,13,546/8102,不限,4年,4000,湘潭校区,模拟测试数据-基于7521位次与6500—9500候选范围生成-非真实招生计划/录取结果,今年招生人数已填；模拟测试数据
C257,湖南科技大学,4303,501,05,新闻学,普通类（文史师范）,4,4,557/8640,,552/8675,4,543/9010,不限,4年,5520,湘潭校区,模拟测试数据-基于7521位次与6500—9500候选范围生成-非真实招生计划/录取结果,今年招生人数已填；模拟测试数据；2023招生人数缺失
C258,湖南科技大学,4303,501,06,公共事业管理,普通类（文史师范）,8,,555/9094,6,550/9176,8,542/9548,不限,4年,4000,湘潭校区,模拟测试数据-基于7521位次与6500—9500候选范围生成-非真实招生计划/录取结果,今年招生人数已填；模拟测试数据；2024招生人数缺失
C259,长沙学院,4304,501,01,汉语言文学,普通类（文管）,20,21,556/8947,23,551/9075,,544/8905,不限,4年,5000,主校区,模拟测试数据-基于7521位次与6500—9500候选范围生成-非真实招生计划/录取结果,今年招生人数已填；模拟测试数据；2022招生人数缺失
C260,长沙学院,4304,501,02,新闻学,普通类（文管）,10,7,556/8969,12,552/8717,10,,不限,4年,6000,主校区,模拟测试数据-基于7521位次与6500—9500候选范围生成-非真实招生计划/录取结果,今年招生人数已填；模拟测试数据；2022最低分/位次缺失
C261,长沙学院,4304,501,03,法学,普通类（文管）,5,5,555/9079,7,550/9255,2,542/9454,不限,4年,6000,主校区,模拟测试数据-基于7521位次与6500—9500候选范围生成-非真实招生计划/录取结果,今年招生人数已填；模拟测试数据
C262,长沙学院,4304,501,04,财务管理,普通类（文管）,4,1,554/9290,3,,6,,不限,4年,12000,主校区,模拟测试数据-基于7521位次与6500—9500候选范围生成-非真实招生计划/录取结果,今年招生人数已填；模拟测试数据；学费超过9000测试项；2023最低分/位次缺失；2022最低分/位次缺失
C263,长沙学院,4304,501,05,人力资源管理,普通类（文管）,2,1,554/9366,,550/9317,4,543/9264,不限,4年,4800,主校区,模拟测试数据-基于7521位次与6500—9500候选范围生成-非真实招生计划/录取结果,今年招生人数已填；模拟测试数据；2023招生人数缺失
C264,长沙学院,4304,501,06,旅游管理,普通类（文管）,16,,552/9906,15,546/10188,19,540/10131,不限,4年,6000,主校区,模拟测试数据-基于7521位次与6500—9500候选范围生成-非真实招生计划/录取结果,今年招生人数已填；模拟测试数据；2024招生人数缺失
C265,广东财经大学,4401,501,01,法学,普通类（财经政法）,12,12,564/6903,12,560/6797,9,549/7376,不限,4年,6000,广州校区,模拟测试数据-基于7521位次与6500—9500候选范围生成-非真实招生计划/录取结果,今年招生人数已填；模拟测试数据
C266,广东财经大学,4401,501,02,会计学,普通类（财经政法）,8,8,564/6869,,558/7179,11,552/6609,不限,4年,4380,广州校区,模拟测试数据-基于7521位次与6500—9500候选范围生成-非真实招生计划/录取结果,今年招生人数已填；模拟测试数据；2023招生人数缺失
C267,广东财经大学,4401,501,03,财务管理,普通类（财经政法）,8,,564/7041,9,559/7011,,548/7552,不限,4年,6000,广州校区,模拟测试数据-基于7521位次与6500—9500候选范围生成-非真实招生计划/录取结果,今年招生人数已填；模拟测试数据；2024招生人数缺失；2022招生人数缺失
C268,广东财经大学,4401,501,04,新闻学,普通类（财经政法）,6,6,563/7064,4,560/6860,7,,不限,4年,6000,广州校区,模拟测试数据-基于7521位次与6500—9500候选范围生成-非真实招生计划/录取结果,今年招生人数已填；模拟测试数据；2022最低分/位次缺失
C269,广东财经大学,4401,501,05,人力资源管理,普通类（财经政法）,5,,562/7316,8,556/7642,6,548/7736,不限,4年,4000,广州校区,模拟测试数据-基于7521位次与6500—9500候选范围生成-非真实招生计划/录取结果,今年招生人数已填；模拟测试数据；2024招生人数缺失
C270,广东财经大学,4401,501,06,行政管理,普通类（财经政法）,16,18,562/7471,16,556/7594,,548/7733,不限,4年,6000,广州校区,模拟测试数据-基于7521位次与6500—9500候选范围生成-非真实招生计划/录取结果,今年招生人数已填；模拟测试数据；2022招生人数缺失
C271,广东技术师范大学,4402,501,01,汉语言文学(师范),普通类（师范文史）,12,12,557/8544,9,552/8609,13,545/8591,不限,4年,4800,东校区,模拟测试数据-基于7521位次与6500—9500候选范围生成-非真实招生计划/录取结果,今年招生人数已填；模拟测试数据
C272,广东技术师范大学,4402,501,02,教育学,普通类（师范文史）,8,8,556/8784,8,553/8497,8,543/9264,不限,4年,4800,东校区,模拟测试数据-基于7521位次与6500—9500候选范围生成-非真实招生计划/录取结果,今年招生人数已填；模拟测试数据
C273,广东技术师范大学,4402,501,03,网络与新媒体,普通类（师范文史）,4,,,,,,,不限,4年,6000,东校区,模拟测试数据-基于7521位次与6500—9500候选范围生成-非真实招生计划/录取结果,今年招生人数已填；模拟测试数据；模拟新开/调整专业，往年数据缺失；2024最低分/位次缺失；2024招生人数缺失；2023最低分/位次缺失；2023招生人数缺失；2022最低分/位次缺失；2022招生人数缺失
C274,广东技术师范大学,4402,501,04,商务英语,普通类（师范文史）,3,1,555/9143,1,550/9216,5,544/8929,不限,4年,5200,东校区,模拟测试数据-基于7521位次与6500—9500候选范围生成-非真实招生计划/录取结果,今年招生人数已填；模拟测试数据
C275,广东技术师范大学,4402,501,05,行政管理,普通类（师范文史）,16,,555/9146,15,551/8866,,543/9246,不限,4年,5200,东校区,模拟测试数据-基于7521位次与6500—9500候选范围生成-非真实招生计划/录取结果,今年招生人数已填；模拟测试数据；2024招生人数缺失；2022招生人数缺失
C276,广东技术师范大学,4402,501,06,财务管理,普通类（师范文史）,5,3,555/9116,8,549/9456,4,543/9158,不限,4年,5520,东校区,模拟测试数据-基于7521位次与6500—9500候选范围生成-非真实招生计划/录取结果,今年招生人数已填；模拟测试数据
C277,广州大学,4403,501,01,汉语言文学,普通类（文史管理）,8,5,566/6453,9,562/6260,8,551/6902,不限,4年,5500,大学城校区,模拟测试数据-基于7521位次与6500—9500候选范围生成-非真实招生计划/录取结果,今年招生人数已填；模拟测试数据
C278,广州大学,4403,501,02,历史学,普通类（文史管理）,18,19,565/6785,20,560/6875,15,550/6963,不限,4年,5500,大学城校区,模拟测试数据-基于7521位次与6500—9500候选范围生成-非真实招生计划/录取结果,今年招生人数已填；模拟测试数据
C279,广州大学,4403,501,03,新闻传播学类,普通类（文史管理）,5,,565/6648,6,562/6363,7,553/6255,不限,4年,4000,大学城校区,模拟测试数据-基于7521位次与6500—9500候选范围生成-非真实招生计划/录取结果,今年招生人数已填；模拟测试数据；大类招生，分流方向需核查；2024招生人数缺失
C280,广州大学,4403,501,04,法学,普通类（文史管理）,3,3,565/6657,2,561/6593,,552/6497,不限,4年,6000,大学城校区,模拟测试数据-基于7521位次与6500—9500候选范围生成-非真实招生计划/录取结果,今年招生人数已填；模拟测试数据；2022招生人数缺失
C281,广州大学,4403,501,05,行政管理,普通类（文史管理）,5,7,564/6980,5,559/6897,4,550/7084,不限,4年,4600,大学城校区,模拟测试数据-基于7521位次与6500—9500候选范围生成-非真实招生计划/录取结果,今年招生人数已填；模拟测试数据
C282,广州大学,4403,501,06,社会学,普通类（文史管理）,8,11,563/7113,8,559/7093,8,,不限,4年,4800,大学城校区,模拟测试数据-基于7521位次与6500—9500候选范围生成-非真实招生计划/录取结果,今年招生人数已填；模拟测试数据；2022最低分/位次缺失
C283,佛山大学,4404,501,01,汉语言文学,普通类（文管）,18,15,555/9114,15,550/9100,18,542/9340,不限,4年,4380,江湾校区,模拟测试数据-基于7521位次与6500—9500候选范围生成-非真实招生计划/录取结果,今年招生人数已填；模拟测试数据
C284,佛山大学,4404,501,02,网络与新媒体,普通类（文管）,3,,,,,,,不限,4年,4200,江湾校区,模拟测试数据-基于7521位次与6500—9500候选范围生成-非真实招生计划/录取结果,今年招生人数已填；模拟测试数据；模拟新开/调整专业，往年数据缺失；2024最低分/位次缺失；2024招生人数缺失；2023最低分/位次缺失；2023招生人数缺失；2022最低分/位次缺失；2022招生人数缺失
C285,佛山大学,4404,501,03,法学,普通类（文管）,15,18,555/9178,,549/9592,15,542/9510,不限,4年,4800,江湾校区,模拟测试数据-基于7521位次与6500—9500候选范围生成-非真实招生计划/录取结果,今年招生人数已填；模拟测试数据；2023招生人数缺失
C286,佛山大学,4404,501,04,会计学,中外合作办学（模拟测试项）,4,6,555/9206,6,549/9481,7,542/9499,不限,4年,28000,江湾校区,模拟测试数据-基于7521位次与6500—9500候选范围生成-非真实招生计划/录取结果,今年招生人数已填；模拟测试数据；中外合作/高学费测试项，真实填报需单独核查
C287,佛山大学,4404,501,05,工商管理,普通类（文管）,1,3,553/9568,4,549/9500,1,542/9343,不限,4年,4000,江湾校区,模拟测试数据-基于7521位次与6500—9500候选范围生成-非真实招生计划/录取结果,今年招生人数已填；模拟测试数据
C288,佛山大学,4404,501,06,旅游管理,普通类（文管）,1,3,552/9968,,546/10192,1,540/10192,不限,4年,6000,江湾校区,模拟测试数据-基于7521位次与6500—9500候选范围生成-非真实招生计划/录取结果,今年招生人数已填；模拟测试数据；2023招生人数缺失
C289,广西师范大学,4501,501,01,汉语言文学(师范),普通类（师范文史）,2,1,557/8573,1,551/8828,,545/8456,不限,4年,4600,雁山校区,模拟测试数据-基于7521位次与6500—9500候选范围生成-非真实招生计划/录取结果,今年招生人数已填；模拟测试数据；2022招生人数缺失
C290,广西师范大学,4501,501,02,历史学(师范),普通类（师范文史）,5,2,556/8786,,551/8923,,,不限,4年,5520,雁山校区,模拟测试数据-基于7521位次与6500—9500候选范围生成-非真实招生计划/录取结果,今年招生人数已填；模拟测试数据；2023招生人数缺失；2022最低分/位次缺失；2022招生人数缺失
C291,广西师范大学,4501,501,03,小学教育(师范),普通类（师范文史）,4,1,556/8941,4,551/8899,2,543/9210,不限,4年,5500,雁山校区,模拟测试数据-基于7521位次与6500—9500候选范围生成-非真实招生计划/录取结果,今年招生人数已填；模拟测试数据
C292,广西师范大学,4501,501,04,思想政治教育(师范),普通类（师范文史）,2,4,,4,552/8779,1,543/8950,思想政治,4年,5200,雁山校区,模拟测试数据-基于7521位次与6500—9500候选范围生成-非真实招生计划/录取结果,今年招生人数已填；模拟测试数据；再选科目要求思想政治，需确认考生选科；2024最低分/位次缺失
C293,广西师范大学,4501,501,05,网络与新媒体,普通类（师范文史）,10,10,555/9110,10,549/9382,11,544/8862,不限,4年,4000,雁山校区,模拟测试数据-基于7521位次与6500—9500候选范围生成-非真实招生计划/录取结果,今年招生人数已填；模拟测试数据
C294,广西师范大学,4501,501,06,文化产业管理,普通类（师范文史）,10,10,555/9222,9,549/9532,12,543/9212,不限,4年,5500,雁山校区,模拟测试数据-基于7521位次与6500—9500候选范围生成-非真实招生计划/录取结果,今年招生人数已填；模拟测试数据
C295,重庆师范大学,5001,501,01,汉语言文学(师范),普通类（师范文史）,18,15,561/7754,18,557/7460,18,547/8017,不限,4年,5000,大学城校区,模拟测试数据-基于7521位次与6500—9500候选范围生成-非真实招生计划/录取结果,今年招生人数已填；模拟测试数据
C296,重庆师范大学,5001,501,02,历史学(师范),普通类（师范文史）,6,6,559/8127,9,555/7826,5,545/8462,不限,4年,4000,大学城校区,模拟测试数据-基于7521位次与6500—9500候选范围生成-非真实招生计划/录取结果,今年招生人数已填；模拟测试数据
C297,重庆师范大学,5001,501,03,小学教育(师范),普通类（师范文史）,12,14,559/8062,,555/7918,15,548/7684,不限,4年,4200,大学城校区,模拟测试数据-基于7521位次与6500—9500候选范围生成-非真实招生计划/录取结果,今年招生人数已填；模拟测试数据；2023招生人数缺失
C298,重庆师范大学,5001,501,04,教育学,普通类（师范文史）,4,4,558/8312,5,554/8284,3,,不限,4年,5500,大学城校区,模拟测试数据-基于7521位次与6500—9500候选范围生成-非真实招生计划/录取结果,今年招生人数已填；模拟测试数据；2022最低分/位次缺失
C299,重庆师范大学,5001,501,05,新闻传播学类,普通类（师范文史）,2,,,,,,,不限,4年,5000,大学城校区,模拟测试数据-基于7521位次与6500—9500候选范围生成-非真实招生计划/录取结果,今年招生人数已填；模拟测试数据；模拟新开/调整专业，往年数据缺失；大类招生，分流方向需核查；2024最低分/位次缺失；2024招生人数缺失；2023最低分/位次缺失；2023招生人数缺失；2022最低分/位次缺失；2022招生人数缺失
C300,重庆师范大学,5001,501,06,社会工作,普通类（师范文史）,1,1,557/8507,3,552/8702,4,546/8196,不限,4年,5200,大学城校区,模拟测试数据-基于7521位次与6500—9500候选范围生成-非真实招生计划/录取结果,今年招生人数已填；模拟测试数据
